{
	"email": "576283794eiysaju6r532tuy_edu@storiesapp.com",
	"authentication_token": "FXExx6AsjMPsBx8fzAj1",
	"_id": "5ba83hfjggky67re",
	"created_at": "2018-09-23T18:31:06-07:00",
	"device": "576283794eiysaju6r532tuy_EDU",
	"sign_in_count": 559,
	"referral_code": "3fa4303fgjtr56hkjft456ryhfjght7",
	"trial_expiration_date": null,
	"settings": [{
		"trial_length": "16"
	}, {
		"freemium": "1"
	}, {
		"emailtest": "1"
	}, {
		"emailcollection": "1"
	}, {
		"12MoALwaysTest": "1"
	}, {
		"12_mo_ab_test": "0"
	}, {
		"12MoTestKey": "1"
	}, {
		"mini_sub_takeover": "1"
	}, {
		"email_coll_delay_ab_test": "1"
	}, {
		"mixpanel": "1"
	}, {
		"midstory_ab_test_value_key": "1"
	}, {
		"midstory_test_key": "1"
	}, {
		"midstory_test_percentage_key": "8.0"
	}, {
		"new_price": "0"
	}, {
		"photo_finish": "1"
	}, {
		"favorites_paywall": "0"
	}, {
		"new_price_2": "1"
	}],
	"trial_length": "16",
	"subscription_source": "edu_i14",
	"subscription_expiration_date": "2218-09-24T00:00:00-07:00",
	"facebook_email": null,
	"is_teacher": null,
	"relationship": null,
	"bookclub_member": null,
	"bookclub_partial_member": true
}
